project,model,sample,orientation,housing,dimming,rack,branch,socket,manufacturer,productName,lampShapeSize,lastHours
ledLifeTesting,1,1,d,0,0,1,1,1,CREE,LRP-38,PAR38,3000
ledLifeTesting,1,2,d,0,0,1,1,2,CREE,LRP-38,PAR38,3000
ledLifeTesting,1,3,d,0,0,1,1,3,CREE,LRP-38,PAR38,3000
ledLifeTesting,1,4,d,0,0,1,1,4,CREE,LRP-38,PAR38,3000
ledLifeTesting,1,5,d,0,0,1,1,5,CREE,LRP-38,PAR38,3000
ledLifeTesting,1,6,u,0,0,3,8,1,CREE,LRP-38,PAR38,3000
ledLifeTesting,1,7,u,0,0,3,8,2,CREE,LRP-38,PAR38,3000
ledLifeTesting,1,8,u,0,0,3,8,3,CREE,LRP-38,PAR38,3000
ledLifeTesting,1,9,u,0,0,3,8,4,CREE,LRP-38,PAR38,3000
ledLifeTesting,1,10,u,0,0,3,8,5,CREE,LRP-38,PAR38,3000
ledLifeTesting,1,11,h,0,0,8,1,1,CREE,LRP-38,PAR38,3000
ledLifeTesting,1,12,h,0,0,8,1,2,CREE,LRP-38,PAR38,3000
ledLifeTesting,1,13,h,0,0,8,1,3,CREE,LRP-38,PAR38,3000
ledLifeTesting,1,14,h,0,0,8,1,4,CREE,LRP-38,PAR38,3000
ledLifeTesting,1,15,h,0,0,8,1,5,CREE,LRP-38,PAR38,3000
ledLifeTesting,1,16,u,1,0,1,5,6,CREE,LRP-38,PAR38,3000
ledLifeTesting,1,17,u,1,0,5,5,2,CREE,LRP-38,PAR38,3000
ledLifeTesting,1,18,u,1,0,5,5,3,CREE,LRP-38,PAR38,3000
ledLifeTesting,1,19,u,1,0,5,5,4,CREE,LRP-38,PAR38,3000
ledLifeTesting,1,20,u,1,0,5,5,5,CREE,LRP-38,PAR38,3000
ledLifeTesting,1,21,u,0,1,3,3,1,CREE,LRP-38,PAR38,3000
ledLifeTesting,1,22,u,0,1,3,3,2,CREE,LRP-38,PAR38,3000
ledLifeTesting,1,23,u,0,1,3,3,3,CREE,LRP-38,PAR38,3000
ledLifeTesting,1,24,d,0,1,3,1,1,CREE,LRP-38,PAR38,3000
ledLifeTesting,1,25,d,0,1,3,1,2,CREE,LRP-38,PAR38,3000
ledLifeTesting,1,26,h,0,1,3,6,1,CREE,LRP-38,PAR38,3000
ledLifeTesting,1,27,h,0,1,3,6,2,CREE,LRP-38,PAR38,3000
ledLifeTesting,1,28,u,1,1,4,5,1,CREE,LRP-38,PAR38,3000
ledLifeTesting,1,29,u,1,1,4,5,2,CREE,LRP-38,PAR38,3000
ledLifeTesting,1,30,u,1,1,4,5,3,CREE,LRP-38,PAR38,3000
ledLifeTesting,1,31,d,0,0,1,3,1,CREE,LRP-38,PAR38,3000
ledLifeTesting,2,1,d,0,0,1,1,6,Sylvania,LED10PAR30/DIM/SG/830/WSP15,PAR30,3000
ledLifeTesting,2,2,d,0,0,1,1,7,Sylvania,LED10PAR30/DIM/SG/830/WSP15,PAR30,3000
ledLifeTesting,2,3,d,0,0,1,1,8,Sylvania,LED10PAR30/DIM/SG/830/WSP15,PAR30,3000
ledLifeTesting,2,4,d,0,0,1,1,9,Sylvania,LED10PAR30/DIM/SG/830/WSP15,PAR30,3000
ledLifeTesting,2,5,d,0,0,1,1,10,Sylvania,LED10PAR30/DIM/SG/830/WSP15,PAR30,3000
ledLifeTesting,2,6,u,0,0,3,8,6,Sylvania,LED10PAR30/DIM/SG/830/WSP15,PAR30,3000
ledLifeTesting,2,7,u,0,0,3,8,7,Sylvania,LED10PAR30/DIM/SG/830/WSP15,PAR30,3000
ledLifeTesting,2,8,u,0,0,3,8,8,Sylvania,LED10PAR30/DIM/SG/830/WSP15,PAR30,3000
ledLifeTesting,2,9,u,0,0,3,8,9,Sylvania,LED10PAR30/DIM/SG/830/WSP15,PAR30,3000
ledLifeTesting,2,10,u,0,0,3,8,10,Sylvania,LED10PAR30/DIM/SG/830/WSP15,PAR30,3000
ledLifeTesting,2,11,h,0,0,8,1,6,Sylvania,LED10PAR30/DIM/SG/830/WSP15,PAR30,3000
ledLifeTesting,2,12,h,0,0,8,1,7,Sylvania,LED10PAR30/DIM/SG/830/WSP15,PAR30,3000
ledLifeTesting,2,13,h,0,0,8,1,8,Sylvania,LED10PAR30/DIM/SG/830/WSP15,PAR30,3000
ledLifeTesting,2,14,h,0,0,8,1,9,Sylvania,LED10PAR30/DIM/SG/830/WSP15,PAR30,3000
ledLifeTesting,2,15,h,0,0,8,1,10,Sylvania,LED10PAR30/DIM/SG/830/WSP15,PAR30,3000
ledLifeTesting,2,16,u,1,0,1,5,7,Sylvania,LED10PAR30/DIM/SG/830/WSP15,PAR30,3000
ledLifeTesting,2,17,u,1,0,5,5,7,Sylvania,LED10PAR30/DIM/SG/830/WSP15,PAR30,3000
ledLifeTesting,2,18,u,1,0,5,5,8,Sylvania,LED10PAR30/DIM/SG/830/WSP15,PAR30,3000
ledLifeTesting,2,19,u,1,0,5,5,9,Sylvania,LED10PAR30/DIM/SG/830/WSP15,PAR30,3000
ledLifeTesting,2,20,u,1,0,5,5,10,Sylvania,LED10PAR30/DIM/SG/830/WSP15,PAR30,3000
ledLifeTesting,2,21,u,0,1,3,3,4,Sylvania,LED10PAR30/DIM/SG/830/WSP15,PAR30,3000
ledLifeTesting,2,22,u,0,1,3,3,5,Sylvania,LED10PAR30/DIM/SG/830/WSP15,PAR30,3000
ledLifeTesting,2,23,u,0,1,3,3,6,Sylvania,LED10PAR30/DIM/SG/830/WSP15,PAR30,3000
ledLifeTesting,2,24,d,0,1,3,1,3,Sylvania,LED10PAR30/DIM/SG/830/WSP15,PAR30,3000
ledLifeTesting,2,25,d,0,1,3,1,4,Sylvania,LED10PAR30/DIM/SG/830/WSP15,PAR30,3000
ledLifeTesting,2,26,h,0,1,3,6,3,Sylvania,LED10PAR30/DIM/SG/830/WSP15,PAR30,3000
ledLifeTesting,2,27,h,0,1,3,6,4,Sylvania,LED10PAR30/DIM/SG/830/WSP15,PAR30,3000
ledLifeTesting,2,28,u,1,1,4,5,4,Sylvania,LED10PAR30/DIM/SG/830/WSP15,PAR30,3000
ledLifeTesting,2,29,u,1,1,4,5,5,Sylvania,LED10PAR30/DIM/SG/830/WSP15,PAR30,3000
ledLifeTesting,2,30,u,1,1,4,5,6,Sylvania,LED10PAR30/DIM/SG/830/WSP15,PAR30,3000
ledLifeTesting,2,31,d,0,0,1,3,2,Sylvania,LED10PAR30/DIM/SG/830/WSP15,PAR30,3000
ledLifeTesting,3,1,d,0,0,4,4,1,TCP,LED9E26P2027KNFL,PAR20,3000
ledLifeTesting,3,2,d,0,0,4,4,2,TCP,LED9E26P2027KNFL,PAR20,3000
ledLifeTesting,3,3,d,0,0,4,4,3,TCP,LED9E26P2027KNFL,PAR20,3000
ledLifeTesting,3,4,d,0,0,4,4,4,TCP,LED9E26P2027KNFL,PAR20,3000
ledLifeTesting,3,5,d,0,0,4,4,5,TCP,LED9E26P2027KNFL,PAR20,3000
ledLifeTesting,3,6,u,0,0,8,6,1,TCP,LED9E26P2027KNFL,PAR20,3000
ledLifeTesting,3,7,u,0,0,8,6,2,TCP,LED9E26P2027KNFL,PAR20,3000
ledLifeTesting,3,8,u,0,0,8,6,3,TCP,LED9E26P2027KNFL,PAR20,3000
ledLifeTesting,3,9,u,0,0,8,6,4,TCP,LED9E26P2027KNFL,PAR20,3000
ledLifeTesting,3,10,u,0,0,8,6,5,TCP,LED9E26P2027KNFL,PAR20,3000
ledLifeTesting,3,11,h,0,0,8,2,1,TCP,LED9E26P2027KNFL,PAR20,3000
ledLifeTesting,3,12,h,0,0,8,2,2,TCP,LED9E26P2027KNFL,PAR20,3000
ledLifeTesting,3,13,h,0,0,8,2,3,TCP,LED9E26P2027KNFL,PAR20,3000
ledLifeTesting,3,14,h,0,0,8,2,4,TCP,LED9E26P2027KNFL,PAR20,3000
ledLifeTesting,3,15,h,0,0,8,2,5,TCP,LED9E26P2027KNFL,PAR20,3000
ledLifeTesting,3,16,u,1,0,1,5,8,TCP,LED9E26P2027KNFL,PAR20,3000
ledLifeTesting,3,17,u,1,0,5,6,2,TCP,LED9E26P2027KNFL,PAR20,3000
ledLifeTesting,3,18,u,1,0,5,6,3,TCP,LED9E26P2027KNFL,PAR20,3000
ledLifeTesting,3,19,u,1,0,5,6,4,TCP,LED9E26P2027KNFL,PAR20,3000
ledLifeTesting,3,20,u,1,0,5,6,5,TCP,LED9E26P2027KNFL,PAR20,3000
ledLifeTesting,3,21,u,0,1,3,3,7,TCP,LED9E26P2027KNFL,PAR20,3000
ledLifeTesting,3,22,u,0,1,3,3,8,TCP,LED9E26P2027KNFL,PAR20,3000
ledLifeTesting,3,23,u,0,1,3,3,9,TCP,LED9E26P2027KNFL,PAR20,3000
ledLifeTesting,3,24,d,0,1,3,1,5,TCP,LED9E26P2027KNFL,PAR20,3000
ledLifeTesting,3,25,d,0,1,3,1,6,TCP,LED9E26P2027KNFL,PAR20,3000
ledLifeTesting,3,26,h,0,1,3,6,5,TCP,LED9E26P2027KNFL,PAR20,3000
ledLifeTesting,3,27,h,0,1,3,6,6,TCP,LED9E26P2027KNFL,PAR20,3000
ledLifeTesting,3,28,u,1,1,4,5,7,TCP,LED9E26P2027KNFL,PAR20,3000
ledLifeTesting,3,29,u,1,1,4,5,8,TCP,LED9E26P2027KNFL,PAR20,3000
ledLifeTesting,3,30,u,1,1,4,5,9,TCP,LED9E26P2027KNFL,PAR20,3000
ledLifeTesting,3,31,d,0,0,1,3,3,TCP,LED9E26P2027KNFL,PAR20,3000
ledLifeTesting,4,1,d,0,0,4,4,6,LightingScience,DFN 30 W27 V2 NFL 120,PAR30,3000
ledLifeTesting,4,2,d,0,0,4,4,7,LightingScience,DFN 30 W27 V2 NFL 120,PAR30,3000
ledLifeTesting,4,3,d,0,0,4,4,8,LightingScience,DFN 30 W27 V2 NFL 120,PAR30,3000
ledLifeTesting,4,4,d,0,0,4,4,9,LightingScience,DFN 30 W27 V2 NFL 120,PAR30,3000
ledLifeTesting,4,5,d,0,0,4,4,10,LightingScience,DFN 30 W27 V2 NFL 120,PAR30,3000
ledLifeTesting,4,6,u,0,0,8,6,6,LightingScience,DFN 30 W27 V2 NFL 120,PAR30,3000
ledLifeTesting,4,7,u,0,0,8,6,7,LightingScience,DFN 30 W27 V2 NFL 120,PAR30,3000
ledLifeTesting,4,8,u,0,0,8,6,8,LightingScience,DFN 30 W27 V2 NFL 120,PAR30,3000
ledLifeTesting,4,9,u,0,0,8,6,9,LightingScience,DFN 30 W27 V2 NFL 120,PAR30,3000
ledLifeTesting,4,10,u,0,0,8,6,10,LightingScience,DFN 30 W27 V2 NFL 120,PAR30,3000
ledLifeTesting,4,11,h,0,0,8,2,6,LightingScience,DFN 30 W27 V2 NFL 120,PAR30,3000
ledLifeTesting,4,12,h,0,0,8,2,7,LightingScience,DFN 30 W27 V2 NFL 120,PAR30,3000
ledLifeTesting,4,13,h,0,0,8,2,8,LightingScience,DFN 30 W27 V2 NFL 120,PAR30,3000
ledLifeTesting,4,14,h,0,0,8,2,9,LightingScience,DFN 30 W27 V2 NFL 120,PAR30,3000
ledLifeTesting,4,15,h,0,0,8,2,10,LightingScience,DFN 30 W27 V2 NFL 120,PAR30,3000
ledLifeTesting,4,16,u,1,0,1,5,9,LightingScience,DFN 30 W27 V2 NFL 120,PAR30,3000
ledLifeTesting,4,17,u,1,0,5,6,7,LightingScience,DFN 30 W27 V2 NFL 120,PAR30,3000
ledLifeTesting,4,18,u,1,0,5,6,8,LightingScience,DFN 30 W27 V2 NFL 120,PAR30,3000
ledLifeTesting,4,19,u,1,0,5,6,9,LightingScience,DFN 30 W27 V2 NFL 120,PAR30,3000
ledLifeTesting,4,20,u,1,0,5,6,10,LightingScience,DFN 30 W27 V2 NFL 120,PAR30,3000
ledLifeTesting,4,21,u,0,1,3,3,10,LightingScience,DFN 30 W27 V2 NFL 120,PAR30,3000
ledLifeTesting,4,22,u,0,1,3,4,1,LightingScience,DFN 30 W27 V2 NFL 120,PAR30,3000
ledLifeTesting,4,23,u,0,1,3,4,2,LightingScience,DFN 30 W27 V2 NFL 120,PAR30,3000
ledLifeTesting,4,24,d,0,1,3,1,7,LightingScience,DFN 30 W27 V2 NFL 120,PAR30,3000
ledLifeTesting,4,25,d,0,1,3,1,8,LightingScience,DFN 30 W27 V2 NFL 120,PAR30,3000
ledLifeTesting,4,26,h,0,1,3,6,7,LightingScience,DFN 30 W27 V2 NFL 120,PAR30,3000
ledLifeTesting,4,27,h,0,1,3,6,8,LightingScience,DFN 30 W27 V2 NFL 120,PAR30,3000
ledLifeTesting,4,28,u,1,1,4,5,10,LightingScience,DFN 30 W27 V2 NFL 120,PAR30,3000
ledLifeTesting,4,29,u,1,1,4,6,1,LightingScience,DFN 30 W27 V2 NFL 120,PAR30,3000
ledLifeTesting,4,30,u,1,1,4,6,2,LightingScience,DFN 30 W27 V2 NFL 120,PAR30,3000
ledLifeTesting,4,31,d,0,0,1,3,4,LightingScience,DFN 30 W27 V2 NFL 120,PAR30,3000
ledLifeTesting,5,1,d,0,0,4,3,1,GE,LED7DP20W830/10,PAR20,3000
ledLifeTesting,5,2,d,0,0,4,3,2,GE,LED7DP20W830/10,PAR20,3000
ledLifeTesting,5,3,d,0,0,4,3,3,GE,LED7DP20W830/10,PAR20,3000
ledLifeTesting,5,4,d,0,0,4,3,4,GE,LED7DP20W830/10,PAR20,3000
ledLifeTesting,5,5,d,0,0,4,3,5,GE,LED7DP20W830/10,PAR20,3000
ledLifeTesting,5,6,u,0,0,8,7,1,GE,LED7DP20W830/10,PAR20,3000
ledLifeTesting,5,7,u,0,0,8,7,2,GE,LED7DP20W830/10,PAR20,3000
ledLifeTesting,5,8,u,0,0,8,7,3,GE,LED7DP20W830/10,PAR20,3000
ledLifeTesting,5,9,u,0,0,8,7,4,GE,LED7DP20W830/10,PAR20,3000
ledLifeTesting,5,10,u,0,0,8,7,5,GE,LED7DP20W830/10,PAR20,3000
ledLifeTesting,5,11,h,0,0,8,3,1,GE,LED7DP20W830/10,PAR20,3000
ledLifeTesting,5,12,h,0,0,8,3,2,GE,LED7DP20W830/10,PAR20,3000
ledLifeTesting,5,13,h,0,0,8,3,3,GE,LED7DP20W830/10,PAR20,3000
ledLifeTesting,5,14,h,0,0,8,3,4,GE,LED7DP20W830/10,PAR20,3000
ledLifeTesting,5,15,h,0,0,8,3,5,GE,LED7DP20W830/10,PAR20,3000
ledLifeTesting,5,16,u,1,0,1,5,10,GE,LED7DP20W830/10,PAR20,3000
ledLifeTesting,5,17,u,1,0,5,7,2,GE,LED7DP20W830/10,PAR20,3000
ledLifeTesting,5,18,u,1,0,5,7,3,GE,LED7DP20W830/10,PAR20,3000
ledLifeTesting,5,19,u,1,0,5,7,4,GE,LED7DP20W830/10,PAR20,3000
ledLifeTesting,5,20,u,1,0,5,7,5,GE,LED7DP20W830/10,PAR20,3000
ledLifeTesting,5,21,u,0,1,3,4,3,GE,LED7DP20W830/10,PAR20,3000
ledLifeTesting,5,22,u,0,1,3,4,4,GE,LED7DP20W830/10,PAR20,3000
ledLifeTesting,5,23,u,0,1,3,4,5,GE,LED7DP20W830/10,PAR20,3000
ledLifeTesting,5,24,d,0,1,3,1,9,GE,LED7DP20W830/10,PAR20,3000
ledLifeTesting,5,25,d,0,1,3,1,10,GE,LED7DP20W830/10,PAR20,3000
ledLifeTesting,5,26,h,0,1,3,6,9,GE,LED7DP20W830/10,PAR20,3000
ledLifeTesting,5,27,h,0,1,3,6,10,GE,LED7DP20W830/10,PAR20,3000
ledLifeTesting,5,28,u,1,1,4,6,3,GE,LED7DP20W830/10,PAR20,3000
ledLifeTesting,5,29,u,1,1,4,6,4,GE,LED7DP20W830/10,PAR20,3000
ledLifeTesting,5,30,u,1,1,4,6,5,GE,LED7DP20W830/10,PAR20,3000
ledLifeTesting,5,31,d,0,0,1,3,5,GE,LED7DP20W830/10,PAR20,3000
ledLifeTesting,6,1,d,0,0,4,3,6,Acuity/Acculamp,ALSP20 530L 45 DIM,PAR20,3000
ledLifeTesting,6,2,d,0,0,4,3,7,Acuity/Acculamp,ALSP20 530L 45 DIM,PAR20,3000
ledLifeTesting,6,3,d,0,0,4,3,8,Acuity/Acculamp,ALSP20 530L 45 DIM,PAR20,3000
ledLifeTesting,6,4,d,0,0,4,3,9,Acuity/Acculamp,ALSP20 530L 45 DIM,PAR20,3000
ledLifeTesting,6,5,d,0,0,4,3,10,Acuity/Acculamp,ALSP20 530L 45 DIM,PAR20,3000
ledLifeTesting,6,6,u,0,0,8,7,6,Acuity/Acculamp,ALSP20 530L 45 DIM,PAR20,3000
ledLifeTesting,6,7,u,0,0,8,7,7,Acuity/Acculamp,ALSP20 530L 45 DIM,PAR20,3000
ledLifeTesting,6,8,u,0,0,8,7,8,Acuity/Acculamp,ALSP20 530L 45 DIM,PAR20,3000
ledLifeTesting,6,9,u,0,0,8,7,9,Acuity/Acculamp,ALSP20 530L 45 DIM,PAR20,3000
ledLifeTesting,6,10,u,0,0,8,7,10,Acuity/Acculamp,ALSP20 530L 45 DIM,PAR20,3000
ledLifeTesting,6,11,h,0,0,8,3,6,Acuity/Acculamp,ALSP20 530L 45 DIM,PAR20,3000
ledLifeTesting,6,12,h,0,0,8,3,7,Acuity/Acculamp,ALSP20 530L 45 DIM,PAR20,3000
ledLifeTesting,6,13,h,0,0,8,3,8,Acuity/Acculamp,ALSP20 530L 45 DIM,PAR20,3000
ledLifeTesting,6,14,h,0,0,8,3,9,Acuity/Acculamp,ALSP20 530L 45 DIM,PAR20,3000
ledLifeTesting,6,15,h,0,0,8,3,10,Acuity/Acculamp,ALSP20 530L 45 DIM,PAR20,3000
ledLifeTesting,6,16,u,1,0,1,6,6,Acuity/Acculamp,ALSP20 530L 45 DIM,PAR20,3000
ledLifeTesting,6,17,u,1,0,5,7,7,Acuity/Acculamp,ALSP20 530L 45 DIM,PAR20,3000
ledLifeTesting,6,18,u,1,0,5,7,8,Acuity/Acculamp,ALSP20 530L 45 DIM,PAR20,3000
ledLifeTesting,6,19,u,1,0,5,7,9,Acuity/Acculamp,ALSP20 530L 45 DIM,PAR20,3000
ledLifeTesting,6,20,u,1,0,5,7,10,Acuity/Acculamp,ALSP20 530L 45 DIM,PAR20,3000
ledLifeTesting,6,21,u,0,1,3,4,6,Acuity/Acculamp,ALSP20 530L 45 DIM,PAR20,3000
ledLifeTesting,6,22,u,0,1,3,4,7,Acuity/Acculamp,ALSP20 530L 45 DIM,PAR20,3000
ledLifeTesting,6,23,u,0,1,3,4,8,Acuity/Acculamp,ALSP20 530L 45 DIM,PAR20,3000
ledLifeTesting,6,24,d,0,1,3,2,1,Acuity/Acculamp,ALSP20 530L 45 DIM,PAR20,3000
ledLifeTesting,6,25,d,0,1,3,2,2,Acuity/Acculamp,ALSP20 530L 45 DIM,PAR20,3000
ledLifeTesting,6,26,h,0,1,3,7,1,Acuity/Acculamp,ALSP20 530L 45 DIM,PAR20,3000
ledLifeTesting,6,27,h,0,1,3,7,2,Acuity/Acculamp,ALSP20 530L 45 DIM,PAR20,3000
ledLifeTesting,6,28,u,1,1,4,6,6,Acuity/Acculamp,ALSP20 530L 45 DIM,PAR20,3000
ledLifeTesting,6,29,u,1,1,4,6,7,Acuity/Acculamp,ALSP20 530L 45 DIM,PAR20,3000
ledLifeTesting,6,30,u,1,1,4,6,8,Acuity/Acculamp,ALSP20 530L 45 DIM,PAR20,3000
ledLifeTesting,6,31,d,0,0,1,3,6,Acuity/Acculamp,ALSP20 530L 45 DIM,PAR20,3000
ledLifeTesting,7,1,d,0,0,5,1,1,Soraa,MR16-50-B01-12-927-25,MR16,3000
ledLifeTesting,7,2,d,0,0,5,1,2,Soraa,MR16-50-B01-12-927-25,MR16,3000
ledLifeTesting,7,3,d,0,0,5,1,3,Soraa,MR16-50-B01-12-927-25,MR16,3000
ledLifeTesting,7,4,d,0,0,5,1,4,Soraa,MR16-50-B01-12-927-25,MR16,3000
ledLifeTesting,7,5,d,0,0,5,1,5,Soraa,MR16-50-B01-12-927-25,MR16,3000
ledLifeTesting,7,6,u,0,0,5,2,1,Soraa,MR16-50-B01-12-927-25,MR16,3000
ledLifeTesting,7,7,u,0,0,5,2,2,Soraa,MR16-50-B01-12-927-25,MR16,3000
ledLifeTesting,7,8,u,0,0,5,2,3,Soraa,MR16-50-B01-12-927-25,MR16,3000
ledLifeTesting,7,9,u,0,0,5,2,4,Soraa,MR16-50-B01-12-927-25,MR16,3000
ledLifeTesting,7,10,u,0,0,5,2,5,Soraa,MR16-50-B01-12-927-25,MR16,3000
ledLifeTesting,7,11,h,0,0,5,3,1,Soraa,MR16-50-B01-12-927-25,MR16,3000
ledLifeTesting,7,12,h,0,0,5,3,2,Soraa,MR16-50-B01-12-927-25,MR16,3000
ledLifeTesting,7,13,h,0,0,5,3,3,Soraa,MR16-50-B01-12-927-25,MR16,3000
ledLifeTesting,7,14,h,0,0,5,3,4,Soraa,MR16-50-B01-12-927-25,MR16,3000
ledLifeTesting,7,15,h,0,0,5,3,5,Soraa,MR16-50-B01-12-927-25,MR16,3000
ledLifeTesting,7,16,u,1,0,5,4,1,Soraa,MR16-50-B01-12-927-25,MR16,3000
ledLifeTesting,7,17,u,1,0,5,4,2,Soraa,MR16-50-B01-12-927-25,MR16,3000
ledLifeTesting,7,18,u,1,0,5,4,3,Soraa,MR16-50-B01-12-927-25,MR16,3000
ledLifeTesting,7,19,u,1,0,5,4,4,Soraa,MR16-50-B01-12-927-25,MR16,3000
ledLifeTesting,7,20,u,1,0,5,4,5,Soraa,MR16-50-B01-12-927-25,MR16,3000
ledLifeTesting,7,21,d,0,1,4,2,1,Soraa,MR16-50-B01-12-927-25,MR16,3000
ledLifeTesting,7,22,d,0,1,4,2,2,Soraa,MR16-50-B01-12-927-25,MR16,3000
ledLifeTesting,7,23,u,0,1,4,2,3,Soraa,MR16-50-B01-12-927-25,MR16,3000
ledLifeTesting,7,24,u,0,1,4,2,4,Soraa,MR16-50-B01-12-927-25,MR16,3000
ledLifeTesting,7,25,u,0,1,4,2,5,Soraa,MR16-50-B01-12-927-25,MR16,3000
ledLifeTesting,7,26,h,0,1,4,2,6,Soraa,MR16-50-B01-12-927-25,MR16,3000
ledLifeTesting,7,27,h,0,1,4,2,7,Soraa,MR16-50-B01-12-927-25,MR16,3000
ledLifeTesting,7,28,u,1,1,4,1,1,Soraa,MR16-50-B01-12-927-25,MR16,3000
ledLifeTesting,7,29,u,1,1,4,1,2,Soraa,MR16-50-B01-12-927-25,MR16,3000
ledLifeTesting,7,30,u,1,1,4,1,3,Soraa,MR16-50-B01-12-927-25,MR16,3000
ledLifeTesting,7,31,d,0,0,1,2,1,Soraa,MR16-50-B01-12-927-25,MR16,3000
ledLifeTesting,8,1,d,0,0,5,1,6,Utilitech/Feit,LEDXNDM/LED,MR16,3000
ledLifeTesting,8,2,d,0,0,5,1,7,Utilitech/Feit,LEDXNDM/LED,MR16,3000
ledLifeTesting,8,3,d,0,0,5,1,8,Utilitech/Feit,LEDXNDM/LED,MR16,3000
ledLifeTesting,8,4,d,0,0,5,1,9,Utilitech/Feit,LEDXNDM/LED,MR16,3000
ledLifeTesting,8,5,d,0,0,5,1,10,Utilitech/Feit,LEDXNDM/LED,MR16,3000
ledLifeTesting,8,6,u,0,0,5,2,6,Utilitech/Feit,LEDXNDM/LED,MR16,3000
ledLifeTesting,8,7,u,0,0,5,2,7,Utilitech/Feit,LEDXNDM/LED,MR16,3000
ledLifeTesting,8,8,u,0,0,5,2,8,Utilitech/Feit,LEDXNDM/LED,MR16,3000
ledLifeTesting,8,9,u,0,0,5,2,9,Utilitech/Feit,LEDXNDM/LED,MR16,3000
ledLifeTesting,8,10,u,0,0,5,2,10,Utilitech/Feit,LEDXNDM/LED,MR16,3000
ledLifeTesting,8,11,h,0,0,5,3,6,Utilitech/Feit,LEDXNDM/LED,MR16,3000
ledLifeTesting,8,12,h,0,0,5,3,7,Utilitech/Feit,LEDXNDM/LED,MR16,3000
ledLifeTesting,8,13,h,0,0,5,3,8,Utilitech/Feit,LEDXNDM/LED,MR16,3000
ledLifeTesting,8,14,h,0,0,5,3,9,Utilitech/Feit,LEDXNDM/LED,MR16,3000
ledLifeTesting,8,15,h,0,0,5,3,10,Utilitech/Feit,LEDXNDM/LED,MR16,3000
ledLifeTesting,8,16,u,1,0,5,4,6,Utilitech/Feit,LEDXNDM/LED,MR16,3000
ledLifeTesting,8,17,u,1,0,5,4,7,Utilitech/Feit,LEDXNDM/LED,MR16,3000
ledLifeTesting,8,18,u,1,0,5,4,8,Utilitech/Feit,LEDXNDM/LED,MR16,3000
ledLifeTesting,8,19,u,1,0,5,4,9,Utilitech/Feit,LEDXNDM/LED,MR16,3000
ledLifeTesting,8,20,u,1,0,5,4,10,Utilitech/Feit,LEDXNDM/LED,MR16,3000
ledLifeTesting,8,21,u,0,1,4,1,7,Utilitech/Feit,LEDXNDM/LED,MR16,3000
ledLifeTesting,8,22,u,0,1,4,1,8,Utilitech/Feit,LEDXNDM/LED,MR16,3000
ledLifeTesting,8,23,h,0,1,4,1,9,Utilitech/Feit,LEDXNDM/LED,MR16,3000
ledLifeTesting,8,24,h,0,1,4,1,10,Utilitech/Feit,LEDXNDM/LED,MR16,3000
ledLifeTesting,8,25,u,0,1,4,2,8,Utilitech/Feit,LEDXNDM/LED,MR16,3000
ledLifeTesting,8,26,d,0,1,4,2,9,Utilitech/Feit,LEDXNDM/LED,MR16,3000
ledLifeTesting,8,27,d,0,1,4,2,10,Utilitech/Feit,LEDXNDM/LED,MR16,3000
ledLifeTesting,8,28,u,1,1,4,1,4,Utilitech/Feit,LEDXNDM/LED,MR16,3000
ledLifeTesting,8,29,u,1,1,4,1,5,Utilitech/Feit,LEDXNDM/LED,MR16,3000
ledLifeTesting,8,30,u,1,1,4,1,6,Utilitech/Feit,LEDXNDM/LED,MR16,3000
ledLifeTesting,8,31,d,0,0,1,2,2,Utilitech/Feit,LEDXNDM/LED,MR16,3000
ledLifeTesting,9,1,d,0,0,8,5,6,Ecosmart/LightingScience,ECS 22 WW FL 50WE 120,PAR20,3000
ledLifeTesting,9,2,d,0,0,8,5,7,Ecosmart/LightingScience,ECS 22 WW FL 50WE 120,PAR20,3000
ledLifeTesting,9,3,d,0,0,8,5,8,Ecosmart/LightingScience,ECS 22 WW FL 50WE 120,PAR20,3000
ledLifeTesting,9,4,d,0,0,8,5,9,Ecosmart/LightingScience,ECS 22 WW FL 50WE 120,PAR20,3000
ledLifeTesting,9,5,d,0,0,8,5,10,Ecosmart/LightingScience,ECS 22 WW FL 50WE 120,PAR20,3000
ledLifeTesting,9,6,u,0,0,8,8,1,Ecosmart/LightingScience,ECS 22 WW FL 50WE 120,PAR20,3000
ledLifeTesting,9,7,u,0,0,8,8,2,Ecosmart/LightingScience,ECS 22 WW FL 50WE 120,PAR20,3000
ledLifeTesting,9,8,u,0,0,8,8,3,Ecosmart/LightingScience,ECS 22 WW FL 50WE 120,PAR20,3000
ledLifeTesting,9,9,u,0,0,8,8,4,Ecosmart/LightingScience,ECS 22 WW FL 50WE 120,PAR20,3000
ledLifeTesting,9,10,u,0,0,8,8,5,Ecosmart/LightingScience,ECS 22 WW FL 50WE 120,PAR20,3000
ledLifeTesting,9,11,h,0,0,8,4,1,Ecosmart/LightingScience,ECS 22 WW FL 50WE 120,PAR20,3000
ledLifeTesting,9,12,h,0,0,8,4,2,Ecosmart/LightingScience,ECS 22 WW FL 50WE 120,PAR20,3000
ledLifeTesting,9,13,h,0,0,8,4,3,Ecosmart/LightingScience,ECS 22 WW FL 50WE 120,PAR20,3000
ledLifeTesting,9,14,h,0,0,8,4,4,Ecosmart/LightingScience,ECS 22 WW FL 50WE 120,PAR20,3000
ledLifeTesting,9,15,h,0,0,8,4,5,Ecosmart/LightingScience,ECS 22 WW FL 50WE 120,PAR20,3000
ledLifeTesting,9,16,u,1,0,1,6,7,Ecosmart/LightingScience,ECS 22 WW FL 50WE 120,PAR20,3000
ledLifeTesting,9,17,u,1,0,5,8,2,Ecosmart/LightingScience,ECS 22 WW FL 50WE 120,PAR20,3000
ledLifeTesting,9,18,u,1,0,5,8,3,Ecosmart/LightingScience,ECS 22 WW FL 50WE 120,PAR20,3000
ledLifeTesting,9,19,u,1,0,5,8,4,Ecosmart/LightingScience,ECS 22 WW FL 50WE 120,PAR20,3000
ledLifeTesting,9,20,u,1,0,5,8,5,Ecosmart/LightingScience,ECS 22 WW FL 50WE 120,PAR20,3000
ledLifeTesting,9,21,u,0,1,3,4,9,Ecosmart/LightingScience,ECS 22 WW FL 50WE 120,PAR20,3000
ledLifeTesting,9,22,u,0,1,3,4,10,Ecosmart/LightingScience,ECS 22 WW FL 50WE 120,PAR20,3000
ledLifeTesting,9,23,u,0,1,3,5,1,Ecosmart/LightingScience,ECS 22 WW FL 50WE 120,PAR20,3000
ledLifeTesting,9,24,d,0,1,3,2,3,Ecosmart/LightingScience,ECS 22 WW FL 50WE 120,PAR20,3000
ledLifeTesting,9,25,d,0,1,3,2,4,Ecosmart/LightingScience,ECS 22 WW FL 50WE 120,PAR20,3000
ledLifeTesting,9,26,h,0,1,3,7,3,Ecosmart/LightingScience,ECS 22 WW FL 50WE 120,PAR20,3000
ledLifeTesting,9,27,h,0,1,3,7,4,Ecosmart/LightingScience,ECS 22 WW FL 50WE 120,PAR20,3000
ledLifeTesting,9,28,u,1,1,4,6,9,Ecosmart/LightingScience,ECS 22 WW FL 50WE 120,PAR20,3000
ledLifeTesting,9,29,u,1,1,4,6,10,Ecosmart/LightingScience,ECS 22 WW FL 50WE 120,PAR20,3000
ledLifeTesting,9,30,u,1,1,4,7,1,Ecosmart/LightingScience,ECS 22 WW FL 50WE 120,PAR20,3000
ledLifeTesting,9,31,d,0,0,1,3,7,Ecosmart/LightingScience,ECS 22 WW FL 50WE 120,PAR20,3000
ledLifeTesting,10,1,d,0,0,8,5,1,Toshiba,20P38/27LFL-UP,PAR38,3000
ledLifeTesting,10,2,d,0,0,8,5,2,Toshiba,20P38/27LFL-UP,PAR38,3000
ledLifeTesting,10,3,d,0,0,8,5,3,Toshiba,20P38/27LFL-UP,PAR38,3000
ledLifeTesting,10,4,d,0,0,8,5,4,Toshiba,20P38/27LFL-UP,PAR38,3000
ledLifeTesting,10,5,d,0,0,8,5,5,Toshiba,20P38/27LFL-UP,PAR38,3000
ledLifeTesting,10,6,u,0,0,8,8,6,Toshiba,20P38/27LFL-UP,PAR38,3000
ledLifeTesting,10,7,u,0,0,8,8,7,Toshiba,20P38/27LFL-UP,PAR38,3000
ledLifeTesting,10,8,u,0,0,8,8,8,Toshiba,20P38/27LFL-UP,PAR38,3000
ledLifeTesting,10,9,u,0,0,8,8,9,Toshiba,20P38/27LFL-UP,PAR38,3000
ledLifeTesting,10,10,u,0,0,8,8,10,Toshiba,20P38/27LFL-UP,PAR38,3000
ledLifeTesting,10,11,h,0,0,8,4,6,Toshiba,20P38/27LFL-UP,PAR38,3000
ledLifeTesting,10,12,h,0,0,8,4,7,Toshiba,20P38/27LFL-UP,PAR38,3000
ledLifeTesting,10,13,h,0,0,8,4,8,Toshiba,20P38/27LFL-UP,PAR38,3000
ledLifeTesting,10,14,h,0,0,8,4,9,Toshiba,20P38/27LFL-UP,PAR38,3000
ledLifeTesting,10,15,h,0,0,8,4,10,Toshiba,20P38/27LFL-UP,PAR38,3000
ledLifeTesting,10,16,u,1,0,1,6,8,Toshiba,20P38/27LFL-UP,PAR38,3000
ledLifeTesting,10,17,u,1,0,5,8,7,Toshiba,20P38/27LFL-UP,PAR38,3000
ledLifeTesting,10,18,u,1,0,5,8,8,Toshiba,20P38/27LFL-UP,PAR38,3000
ledLifeTesting,10,19,u,1,0,5,8,9,Toshiba,20P38/27LFL-UP,PAR38,3000
ledLifeTesting,10,20,u,1,0,5,8,10,Toshiba,20P38/27LFL-UP,PAR38,3000
ledLifeTesting,10,21,u,0,1,3,5,2,Toshiba,20P38/27LFL-UP,PAR38,3000
ledLifeTesting,10,22,u,0,1,3,5,3,Toshiba,20P38/27LFL-UP,PAR38,3000
ledLifeTesting,10,23,u,0,1,3,5,4,Toshiba,20P38/27LFL-UP,PAR38,3000
ledLifeTesting,10,24,d,0,1,3,2,5,Toshiba,20P38/27LFL-UP,PAR38,3000
ledLifeTesting,10,25,d,0,1,3,2,6,Toshiba,20P38/27LFL-UP,PAR38,3000
ledLifeTesting,10,26,h,0,1,3,7,5,Toshiba,20P38/27LFL-UP,PAR38,3000
ledLifeTesting,10,27,h,0,1,3,7,6,Toshiba,20P38/27LFL-UP,PAR38,3000
ledLifeTesting,10,28,u,1,1,4,7,2,Toshiba,20P38/27LFL-UP,PAR38,3000
ledLifeTesting,10,29,u,1,1,4,7,3,Toshiba,20P38/27LFL-UP,PAR38,3000
ledLifeTesting,10,30,u,1,1,4,7,4,Toshiba,20P38/27LFL-UP,PAR38,3000
ledLifeTesting,10,31,d,0,0,1,3,8,Toshiba,20P38/27LFL-UP,PAR38,3000
ledLifeTesting,11,1,u,0,0,7,4,6,SWITCH,Switch75,A19,3000
ledLifeTesting,11,2,u,0,0,7,4,7,SWITCH,Switch75,A19,3000
ledLifeTesting,11,3,u,0,0,7,4,8,SWITCH,Switch75,A19,3000
ledLifeTesting,11,4,u,0,0,7,4,9,SWITCH,Switch75,A19,3000
ledLifeTesting,11,5,u,0,0,7,4,10,SWITCH,Switch75,A19,3000
ledLifeTesting,11,6,d,0,0,7,1,1,SWITCH,Switch75,A19,3000
ledLifeTesting,11,7,d,0,0,7,1,2,SWITCH,Switch75,A19,3000
ledLifeTesting,11,8,d,0,0,7,1,3,SWITCH,Switch75,A19,3000
ledLifeTesting,11,9,d,0,0,7,1,4,SWITCH,Switch75,A19,3000
ledLifeTesting,11,10,d,0,0,7,1,5,SWITCH,Switch75,A19,3000
ledLifeTesting,11,11,h,0,0,6,3,1,SWITCH,Switch75,A19,3000
ledLifeTesting,11,12,h,0,0,6,3,2,SWITCH,Switch75,A19,3000
ledLifeTesting,11,13,h,0,0,6,3,3,SWITCH,Switch75,A19,3000
ledLifeTesting,11,14,h,0,0,6,3,4,SWITCH,Switch75,A19,3000
ledLifeTesting,11,15,h,0,0,6,3,5,SWITCH,Switch75,A19,3000
ledLifeTesting,11,16,u,1,0,1,6,9,SWITCH,Switch75,A19,3000
ledLifeTesting,11,17,u,1,0,5,8,1,SWITCH,Switch75,A19,3000
ledLifeTesting,11,18,u,1,0,5,5,1,SWITCH,Switch75,A19,3000
ledLifeTesting,11,19,u,1,0,5,5,6,SWITCH,Switch75,A19,3000
ledLifeTesting,11,20,u,1,0,1,5,5,SWITCH,Switch75,A19,3000
ledLifeTesting,11,21,d,0,1,2,1,7,SWITCH,Switch75,A19,3000
ledLifeTesting,11,22,d,0,0,1,4,1,SWITCH,Switch75,A19,3000
ledLifeTesting,11,23,d,0,1,2,1,8,SWITCH,Switch75,A19,3000
ledLifeTesting,11,24,h,0,1,2,5,7,SWITCH,Switch75,A19,3000
ledLifeTesting,11,25,h,0,1,2,5,8,SWITCH,Switch75,A19,3000
ledLifeTesting,11,26,u,0,1,3,5,5,SWITCH,Switch75,A19,3000
ledLifeTesting,11,27,u,0,1,3,5,6,SWITCH,Switch75,A19,3000
ledLifeTesting,11,28,u,0,1,3,5,7,SWITCH,Switch75,A19,3000
ledLifeTesting,11,29,u,1,1,4,8,7,SWITCH,Switch75,A19,3000
ledLifeTesting,11,30,u,1,1,4,8,8,SWITCH,Switch75,A19,3000
ledLifeTesting,11,31,u,1,1,4,8,9,SWITCH,Switch75,A19,3000
ledLifeTesting,12,1,d,0,0,1,4,2,Greenlite,12W/LED/OMNI-D,A19,3000
ledLifeTesting,12,2,u,1,0,1,5,1,Greenlite,12W/LED/OMNI-D,A19,3000
ledLifeTesting,12,3,u,1,0,1,5,2,Greenlite,12W/LED/OMNI-D,A19,3000
ledLifeTesting,12,4,u,1,0,1,5,3,Greenlite,12W/LED/OMNI-D,A19,3000
ledLifeTesting,12,5,u,1,0,1,5,4,Greenlite,12W/LED/OMNI-D,A19,3000
ledLifeTesting,12,6,u,1,0,1,6,10,Greenlite,12W/LED/OMNI-D,A19,3000
ledLifeTesting,12,7,d,0,1,2,1,3,Greenlite,12W/LED/OMNI-D,A19,3000
ledLifeTesting,12,8,d,0,1,2,1,4,Greenlite,12W/LED/OMNI-D,A19,3000
ledLifeTesting,12,9,h,0,1,2,5,3,Greenlite,12W/LED/OMNI-D,A19,3000
ledLifeTesting,12,10,h,0,1,2,5,4,Greenlite,12W/LED/OMNI-D,A19,3000
ledLifeTesting,12,11,u,0,1,3,5,8,Greenlite,12W/LED/OMNI-D,A19,3000
ledLifeTesting,12,12,u,0,1,3,5,9,Greenlite,12W/LED/OMNI-D,A19,3000
ledLifeTesting,12,13,u,0,1,3,5,10,Greenlite,12W/LED/OMNI-D,A19,3000
ledLifeTesting,12,14,h,0,0,6,3,6,Greenlite,12W/LED/OMNI-D,A19,3000
ledLifeTesting,12,15,h,0,0,6,3,7,Greenlite,12W/LED/OMNI-D,A19,3000
ledLifeTesting,12,16,h,0,0,6,3,8,Greenlite,12W/LED/OMNI-D,A19,3000
ledLifeTesting,12,17,h,0,0,6,3,9,Greenlite,12W/LED/OMNI-D,A19,3000
ledLifeTesting,12,18,h,0,0,6,3,10,Greenlite,12W/LED/OMNI-D,A19,3000
ledLifeTesting,12,19,u,0,0,7,4,1,Greenlite,12W/LED/OMNI-D,A19,3000
ledLifeTesting,12,20,u,0,0,7,4,2,Greenlite,12W/LED/OMNI-D,A19,3000
ledLifeTesting,12,21,u,0,0,7,4,3,Greenlite,12W/LED/OMNI-D,A19,3000
ledLifeTesting,12,22,u,0,0,7,4,4,Greenlite,12W/LED/OMNI-D,A19,3000
ledLifeTesting,12,23,u,0,0,7,4,5,Greenlite,12W/LED/OMNI-D,A19,3000
ledLifeTesting,12,24,d,0,0,7,1,6,Greenlite,12W/LED/OMNI-D,A19,3000
ledLifeTesting,12,25,d,0,0,7,1,7,Greenlite,12W/LED/OMNI-D,A19,3000
ledLifeTesting,12,26,d,0,0,7,1,8,Greenlite,12W/LED/OMNI-D,A19,3000
ledLifeTesting,12,27,d,0,0,7,1,9,Greenlite,12W/LED/OMNI-D,A19,3000
ledLifeTesting,12,28,d,0,0,7,1,10,Greenlite,12W/LED/OMNI-D,A19,3000
ledLifeTesting,12,29,u,1,1,4,8,4,Greenlite,12W/LED/OMNI-D,A19,3000
ledLifeTesting,12,30,u,1,1,4,8,5,Greenlite,12W/LED/OMNI-D,A19,3000
ledLifeTesting,12,31,u,1,1,4,8,6,Greenlite,12W/LED/OMNI-D,A19,3000
ledLifeTesting,13,1,d,0,0,1,4,3,Insignia,NS-LED60F,A19,3000
ledLifeTesting,13,2,u,1,0,1,6,1,Insignia,NS-LED60F,A19,3000
ledLifeTesting,13,3,u,1,0,1,6,2,Insignia,NS-LED60F,A19,3000
ledLifeTesting,13,4,u,1,0,1,6,3,Insignia,NS-LED60F,A19,3000
ledLifeTesting,13,5,u,1,0,1,6,4,Insignia,NS-LED60F,A19,3000
ledLifeTesting,13,6,u,1,0,1,7,6,Insignia,NS-LED60F,A19,3000
ledLifeTesting,13,7,d,0,1,2,1,1,Insignia,NS-LED60F,A19,3000
ledLifeTesting,13,8,d,0,1,2,1,2,Insignia,NS-LED60F,A19,3000
ledLifeTesting,13,9,h,0,1,2,5,1,Insignia,NS-LED60F,A19,3000
ledLifeTesting,13,10,h,0,1,2,5,2,Insignia,NS-LED60F,A19,3000
ledLifeTesting,13,11,u,0,1,3,7,7,Insignia,NS-LED60F,A19,3000
ledLifeTesting,13,12,u,0,1,3,7,8,Insignia,NS-LED60F,A19,3000
ledLifeTesting,13,13,u,0,1,3,7,9,Insignia,NS-LED60F,A19,3000
ledLifeTesting,13,14,u,1,1,4,8,1,Insignia,NS-LED60F,A19,3000
ledLifeTesting,13,15,u,1,1,4,8,2,Insignia,NS-LED60F,A19,3000
ledLifeTesting,13,16,u,1,1,4,8,3,Insignia,NS-LED60F,A19,3000
ledLifeTesting,13,17,h,0,0,6,4,1,Insignia,NS-LED60F,A19,3000
ledLifeTesting,13,18,h,0,0,6,4,2,Insignia,NS-LED60F,A19,3000
ledLifeTesting,13,19,h,0,0,6,4,3,Insignia,NS-LED60F,A19,3000
ledLifeTesting,13,20,h,0,0,6,4,4,Insignia,NS-LED60F,A19,3000
ledLifeTesting,13,21,h,0,0,6,4,5,Insignia,NS-LED60F,A19,3000
ledLifeTesting,13,22,u,0,0,7,5,1,Insignia,NS-LED60F,A19,3000
ledLifeTesting,13,23,u,0,0,7,5,2,Insignia,NS-LED60F,A19,3000
ledLifeTesting,13,24,u,0,0,7,5,3,Insignia,NS-LED60F,A19,3000
ledLifeTesting,13,25,u,0,0,7,5,4,Insignia,NS-LED60F,A19,3000
ledLifeTesting,13,26,u,0,0,7,5,5,Insignia,NS-LED60F,A19,3000
ledLifeTesting,13,27,d,0,0,7,2,1,Insignia,NS-LED60F,A19,3000
ledLifeTesting,13,28,d,0,0,7,2,2,Insignia,NS-LED60F,A19,3000
ledLifeTesting,13,29,d,0,0,7,2,3,Insignia,NS-LED60F,A19,3000
ledLifeTesting,13,30,d,0,0,7,2,4,Insignia,NS-LED60F,A19,3000
ledLifeTesting,13,31,d,0,0,7,2,5,Insignia,NS-LED60F,A19,3000
ledLifeTesting,14,1,d,0,0,1,4,4,GE,LED13A19/830,A19,3000
ledLifeTesting,14,2,u,1,0,1,7,7,GE,LED13A19/830,A19,3000
ledLifeTesting,14,3,u,1,0,6,8,6,GE,LED13A19/830,A19,3000
ledLifeTesting,14,4,u,1,0,5,6,1,GE,LED13A19/830,A19,3000
ledLifeTesting,14,5,u,1,0,5,6,6,GE,LED13A19/830,A19,3000
ledLifeTesting,14,6,u,1,0,1,6,5,GE,LED13A19/830,A19,3000
ledLifeTesting,14,7,u,0,1,2,3,1,GE,LED13A19/830,A19,3000
ledLifeTesting,14,8,u,0,1,2,3,2,GE,LED13A19/830,A19,3000
ledLifeTesting,14,9,d,0,1,2,1,5,GE,LED13A19/830,A19,3000
ledLifeTesting,14,10,d,0,1,2,1,6,GE,LED13A19/830,A19,3000
ledLifeTesting,14,11,h,0,1,2,5,5,GE,LED13A19/830,A19,3000
ledLifeTesting,14,12,h,0,1,2,5,6,GE,LED13A19/830,A19,3000
ledLifeTesting,14,13,u,1,1,2,7,1,GE,LED13A19/830,A19,3000
ledLifeTesting,14,14,u,1,1,2,7,2,GE,LED13A19/830,A19,3000
ledLifeTesting,14,15,u,0,1,3,7,10,GE,LED13A19/830,A19,3000
ledLifeTesting,14,16,u,1,1,4,8,10,GE,LED13A19/830,A19,3000
ledLifeTesting,14,17,h,0,0,6,4,6,GE,LED13A19/830,A19,3000
ledLifeTesting,14,18,h,0,0,6,4,7,GE,LED13A19/830,A19,3000
ledLifeTesting,14,19,h,0,0,6,4,8,GE,LED13A19/830,A19,3000
ledLifeTesting,14,20,h,0,0,6,4,9,GE,LED13A19/830,A19,3000
ledLifeTesting,14,21,h,0,0,6,4,10,GE,LED13A19/830,A19,3000
ledLifeTesting,14,22,u,0,0,7,5,6,GE,LED13A19/830,A19,3000
ledLifeTesting,14,23,u,0,0,7,5,7,GE,LED13A19/830,A19,3000
ledLifeTesting,14,24,u,0,0,7,5,8,GE,LED13A19/830,A19,3000
ledLifeTesting,14,25,u,0,0,7,5,9,GE,LED13A19/830,A19,3000
ledLifeTesting,14,26,u,0,0,7,5,10,GE,LED13A19/830,A19,3000
ledLifeTesting,14,27,d,0,0,7,2,6,GE,LED13A19/830,A19,3000
ledLifeTesting,14,28,d,0,0,7,2,7,GE,LED13A19/830,A19,3000
ledLifeTesting,14,29,d,0,0,7,2,8,GE,LED13A19/830,A19,3000
ledLifeTesting,14,30,d,0,0,7,2,9,GE,LED13A19/830,A19,3000
ledLifeTesting,14,31,d,0,0,7,2,10,GE,LED13A19/830,A19,3000
ledLifeTesting,15,1,u,1,0,1,7,8,Sylvania,LED12A19/DIM/0/827/RP,A19,3000
ledLifeTesting,15,2,u,1,0,6,8,1,Sylvania,LED12A19/DIM/0/827/RP,A19,3000
ledLifeTesting,15,3,u,1,0,5,7,1,Sylvania,LED12A19/DIM/0/827/RP,A19,3000
ledLifeTesting,15,4,u,1,0,5,7,6,Sylvania,LED12A19/DIM/0/827/RP,A19,3000
ledLifeTesting,15,5,u,1,0,1,7,5,Sylvania,LED12A19/DIM/0/827/RP,A19,3000
ledLifeTesting,15,6,u,0,1,2,3,3,Sylvania,LED12A19/DIM/0/827/RP,A19,3000
ledLifeTesting,15,7,u,0,1,2,3,4,Sylvania,LED12A19/DIM/0/827/RP,A19,3000
ledLifeTesting,15,8,u,0,1,2,3,5,Sylvania,LED12A19/DIM/0/827/RP,A19,3000
ledLifeTesting,15,9,d,0,1,2,1,9,Sylvania,LED12A19/DIM/0/827/RP,A19,3000
ledLifeTesting,15,10,d,0,1,2,1,10,Sylvania,LED12A19/DIM/0/827/RP,A19,3000
ledLifeTesting,15,11,h,0,1,2,5,9,Sylvania,LED12A19/DIM/0/827/RP,A19,3000
ledLifeTesting,15,12,h,0,1,2,5,10,Sylvania,LED12A19/DIM/0/827/RP,A19,3000
ledLifeTesting,15,13,u,1,1,2,7,3,Sylvania,LED12A19/DIM/0/827/RP,A19,3000
ledLifeTesting,15,14,u,1,1,2,7,4,Sylvania,LED12A19/DIM/0/827/RP,A19,3000
ledLifeTesting,15,15,u,1,1,2,7,5,Sylvania,LED12A19/DIM/0/827/RP,A19,3000
ledLifeTesting,15,16,h,0,0,6,5,6,Sylvania,LED12A19/DIM/0/827/RP,A19,3000
ledLifeTesting,15,17,h,0,0,6,5,7,Sylvania,LED12A19/DIM/0/827/RP,A19,3000
ledLifeTesting,15,18,h,0,0,6,5,8,Sylvania,LED12A19/DIM/0/827/RP,A19,3000
ledLifeTesting,15,19,h,0,0,6,5,9,Sylvania,LED12A19/DIM/0/827/RP,A19,3000
ledLifeTesting,15,20,h,0,0,6,5,10,Sylvania,LED12A19/DIM/0/827/RP,A19,3000
ledLifeTesting,15,21,u,0,0,7,6,6,Sylvania,LED12A19/DIM/0/827/RP,A19,3000
ledLifeTesting,15,22,u,0,0,7,6,7,Sylvania,LED12A19/DIM/0/827/RP,A19,3000
ledLifeTesting,15,23,u,0,0,7,6,8,Sylvania,LED12A19/DIM/0/827/RP,A19,3000
ledLifeTesting,15,24,u,0,0,7,6,9,Sylvania,LED12A19/DIM/0/827/RP,A19,3000
ledLifeTesting,15,25,u,0,0,7,6,10,Sylvania,LED12A19/DIM/0/827/RP,A19,3000
ledLifeTesting,15,26,d,0,0,7,3,6,Sylvania,LED12A19/DIM/0/827/RP,A19,3000
ledLifeTesting,15,27,d,0,0,7,3,7,Sylvania,LED12A19/DIM/0/827/RP,A19,3000
ledLifeTesting,15,28,d,0,0,7,3,8,Sylvania,LED12A19/DIM/0/827/RP,A19,3000
ledLifeTesting,15,29,d,0,0,7,3,9,Sylvania,LED12A19/DIM/0/827/RP,A19,3000
ledLifeTesting,15,30,d,0,0,7,3,10,Sylvania,LED12A19/DIM/0/827/RP,A19,3000
ledLifeTesting,15,31,d,0,0,1,4,5,Sylvania,LED12A19/DIM/0/827/RP,A19,3000
ledLifeTesting,16,1,d,0,0,1,4,6,Ecosmart/LightingScience,ECS A19 WW 60WE 120,A19,3000
ledLifeTesting,16,2,u,1,0,1,7,1,Ecosmart/LightingScience,ECS A19 WW 60WE 120,A19,3000
ledLifeTesting,16,3,u,1,0,1,7,2,Ecosmart/LightingScience,ECS A19 WW 60WE 120,A19,3000
ledLifeTesting,16,4,u,1,0,1,7,3,Ecosmart/LightingScience,ECS A19 WW 60WE 120,A19,3000
ledLifeTesting,16,5,u,1,0,1,7,4,Ecosmart/LightingScience,ECS A19 WW 60WE 120,A19,3000
ledLifeTesting,16,6,u,1,0,1,7,9,Ecosmart/LightingScience,ECS A19 WW 60WE 120,A19,3000
ledLifeTesting,16,7,u,0,1,2,3,8,Ecosmart/LightingScience,ECS A19 WW 60WE 120,A19,3000
ledLifeTesting,16,8,u,0,1,2,3,9,Ecosmart/LightingScience,ECS A19 WW 60WE 120,A19,3000
ledLifeTesting,16,9,u,0,1,2,3,10,Ecosmart/LightingScience,ECS A19 WW 60WE 120,A19,3000
ledLifeTesting,16,10,d,0,1,2,2,3,Ecosmart/LightingScience,ECS A19 WW 60WE 120,A19,3000
ledLifeTesting,16,11,d,0,1,2,2,4,Ecosmart/LightingScience,ECS A19 WW 60WE 120,A19,3000
ledLifeTesting,16,12,h,0,1,2,6,3,Ecosmart/LightingScience,ECS A19 WW 60WE 120,A19,3000
ledLifeTesting,16,13,h,0,1,2,6,4,Ecosmart/LightingScience,ECS A19 WW 60WE 120,A19,3000
ledLifeTesting,16,14,u,1,1,2,7,6,Ecosmart/LightingScience,ECS A19 WW 60WE 120,A19,3000
ledLifeTesting,16,15,u,1,1,2,7,7,Ecosmart/LightingScience,ECS A19 WW 60WE 120,A19,3000
ledLifeTesting,16,16,u,1,1,2,7,8,Ecosmart/LightingScience,ECS A19 WW 60WE 120,A19,3000
ledLifeTesting,16,17,h,0,0,6,5,1,Ecosmart/LightingScience,ECS A19 WW 60WE 120,A19,3000
ledLifeTesting,16,18,h,0,0,6,5,2,Ecosmart/LightingScience,ECS A19 WW 60WE 120,A19,3000
ledLifeTesting,16,19,h,0,0,6,5,3,Ecosmart/LightingScience,ECS A19 WW 60WE 120,A19,3000
ledLifeTesting,16,20,h,0,0,6,5,4,Ecosmart/LightingScience,ECS A19 WW 60WE 120,A19,3000
ledLifeTesting,16,21,h,0,0,6,5,5,Ecosmart/LightingScience,ECS A19 WW 60WE 120,A19,3000
ledLifeTesting,16,22,u,0,0,7,6,1,Ecosmart/LightingScience,ECS A19 WW 60WE 120,A19,3000
ledLifeTesting,16,23,u,0,0,7,6,2,Ecosmart/LightingScience,ECS A19 WW 60WE 120,A19,3000
ledLifeTesting,16,24,u,0,0,7,6,3,Ecosmart/LightingScience,ECS A19 WW 60WE 120,A19,3000
ledLifeTesting,16,25,u,0,0,7,6,4,Ecosmart/LightingScience,ECS A19 WW 60WE 120,A19,3000
ledLifeTesting,16,26,u,0,0,7,6,5,Ecosmart/LightingScience,ECS A19 WW 60WE 120,A19,3000
ledLifeTesting,16,27,d,0,0,7,3,1,Ecosmart/LightingScience,ECS A19 WW 60WE 120,A19,3000
ledLifeTesting,16,28,d,0,0,7,3,2,Ecosmart/LightingScience,ECS A19 WW 60WE 120,A19,3000
ledLifeTesting,16,29,d,0,0,7,3,3,Ecosmart/LightingScience,ECS A19 WW 60WE 120,A19,3000
ledLifeTesting,16,30,d,0,0,7,3,4,Ecosmart/LightingScience,ECS A19 WW 60WE 120,A19,3000
ledLifeTesting,16,31,d,0,0,7,3,5,Ecosmart/LightingScience,ECS A19 WW 60WE 120,A19,3000
ledLifeTesting,17,1,d,0,0,1,4,7,CREE,TW Series ,A19,3000
ledLifeTesting,17,2,u,1,0,1,7,10,CREE,TW Series ,A19,3000
ledLifeTesting,17,3,u,1,0,1,8,6,CREE,TW Series ,A19,3000
ledLifeTesting,17,4,u,1,0,1,8,7,CREE,TW Series ,A19,3000
ledLifeTesting,17,5,u,1,0,5,8,6,CREE,TW Series ,A19,3000
ledLifeTesting,17,6,u,1,0,1,8,5,CREE,TW Series ,A19,3000
ledLifeTesting,17,7,u,0,1,2,3,6,CREE,TW Series ,A19,3000
ledLifeTesting,17,8,u,0,1,2,3,7,CREE,TW Series ,A19,3000
ledLifeTesting,17,9,u,0,1,2,4,4,CREE,TW Series ,A19,3000
ledLifeTesting,17,10,d,0,1,2,2,5,CREE,TW Series ,A19,3000
ledLifeTesting,17,11,d,0,1,2,2,6,CREE,TW Series ,A19,3000
ledLifeTesting,17,12,h,0,1,2,6,5,CREE,TW Series ,A19,3000
ledLifeTesting,17,13,h,0,1,2,6,6,CREE,TW Series ,A19,3000
ledLifeTesting,17,14,u,1,1,2,7,9,CREE,TW Series ,A19,3000
ledLifeTesting,17,15,u,1,1,2,7,10,CREE,TW Series ,A19,3000
ledLifeTesting,17,16,u,1,1,2,8,4,CREE,TW Series ,A19,3000
ledLifeTesting,17,17,d,0,0,6,1,6,CREE,TW Series ,A19,3000
ledLifeTesting,17,18,d,0,0,6,1,7,CREE,TW Series ,A19,3000
ledLifeTesting,17,19,d,0,0,6,1,8,CREE,TW Series ,A19,3000
ledLifeTesting,17,20,d,0,0,6,1,9,CREE,TW Series ,A19,3000
ledLifeTesting,17,21,d,0,0,6,1,10,CREE,TW Series ,A19,3000
ledLifeTesting,17,22,h,0,0,6,6,6,CREE,TW Series ,A19,3000
ledLifeTesting,17,23,h,0,0,6,6,7,CREE,TW Series ,A19,3000
ledLifeTesting,17,24,h,0,0,6,6,8,CREE,TW Series ,A19,3000
ledLifeTesting,17,25,h,0,0,6,6,9,CREE,TW Series ,A19,3000
ledLifeTesting,17,26,h,0,0,6,6,10,CREE,TW Series ,A19,3000
ledLifeTesting,17,27,u,0,0,7,7,6,CREE,TW Series ,A19,3000
ledLifeTesting,17,28,u,0,0,7,7,7,CREE,TW Series ,A19,3000
ledLifeTesting,17,29,u,0,0,7,7,8,CREE,TW Series ,A19,3000
ledLifeTesting,17,30,u,0,0,7,7,9,CREE,TW Series ,A19,3000
ledLifeTesting,17,31,u,0,0,7,7,10,CREE,TW Series ,A19,3000
ledLifeTesting,18,1,d,0,0,1,4,8,Philips,BC11A19/AMB/2700 DIM 120V,A19,3000
ledLifeTesting,18,2,u,1,0,1,8,1,Philips,BC11A19/AMB/2700 DIM 120V,A19,3000
ledLifeTesting,18,3,u,1,0,1,8,2,Philips,BC11A19/AMB/2700 DIM 120V,A19,3000
ledLifeTesting,18,4,u,1,0,1,8,3,Philips,BC11A19/AMB/2700 DIM 120V,A19,3000
ledLifeTesting,18,5,u,1,0,1,8,4,Philips,BC11A19/AMB/2700 DIM 120V,A19,3000
ledLifeTesting,18,6,u,1,0,1,8,8,Philips,BC11A19/AMB/2700 DIM 120V,A19,3000
ledLifeTesting,18,7,u,0,1,2,4,1,Philips,BC11A19/AMB/2700 DIM 120V,A19,3000
ledLifeTesting,18,8,u,0,1,2,4,2,Philips,BC11A19/AMB/2700 DIM 120V,A19,3000
ledLifeTesting,18,9,u,0,1,2,4,3,Philips,BC11A19/AMB/2700 DIM 120V,A19,3000
ledLifeTesting,18,10,d,0,1,2,2,1,Philips,BC11A19/AMB/2700 DIM 120V,A19,3000
ledLifeTesting,18,11,d,0,1,2,2,2,Philips,BC11A19/AMB/2700 DIM 120V,A19,3000
ledLifeTesting,18,12,h,0,1,2,6,1,Philips,BC11A19/AMB/2700 DIM 120V,A19,3000
ledLifeTesting,18,13,h,0,1,2,6,2,Philips,BC11A19/AMB/2700 DIM 120V,A19,3000
ledLifeTesting,18,14,u,1,1,2,8,1,Philips,BC11A19/AMB/2700 DIM 120V,A19,3000
ledLifeTesting,18,15,u,1,1,2,8,2,Philips,BC11A19/AMB/2700 DIM 120V,A19,3000
ledLifeTesting,18,16,u,1,1,2,8,3,Philips,BC11A19/AMB/2700 DIM 120V,A19,3000
ledLifeTesting,18,17,d,0,0,6,1,1,Philips,BC11A19/AMB/2700 DIM 120V,A19,3000
ledLifeTesting,18,18,u,0,0,7,7,1,Philips,BC11A19/AMB/2700 DIM 120V,A19,3000
ledLifeTesting,18,19,u,0,0,7,7,2,Philips,BC11A19/AMB/2700 DIM 120V,A19,3000
ledLifeTesting,18,20,u,0,0,7,7,3,Philips,BC11A19/AMB/2700 DIM 120V,A19,3000
ledLifeTesting,18,21,d,0,0,6,1,2,Philips,BC11A19/AMB/2700 DIM 120V,A19,3000
ledLifeTesting,18,22,d,0,0,6,1,3,Philips,BC11A19/AMB/2700 DIM 120V,A19,3000
ledLifeTesting,18,23,d,0,0,6,1,4,Philips,BC11A19/AMB/2700 DIM 120V,A19,3000
ledLifeTesting,18,24,d,0,0,6,1,5,Philips,BC11A19/AMB/2700 DIM 120V,A19,3000
ledLifeTesting,18,25,h,0,0,6,6,1,Philips,BC11A19/AMB/2700 DIM 120V,A19,3000
ledLifeTesting,18,26,h,0,0,6,6,2,Philips,BC11A19/AMB/2700 DIM 120V,A19,3000
ledLifeTesting,18,27,h,0,0,6,6,3,Philips,BC11A19/AMB/2700 DIM 120V,A19,3000
ledLifeTesting,18,28,h,0,0,6,6,4,Philips,BC11A19/AMB/2700 DIM 120V,A19,3000
ledLifeTesting,18,29,h,0,0,6,6,5,Philips,BC11A19/AMB/2700 DIM 120V,A19,3000
ledLifeTesting,18,30,u,0,0,7,7,4,Philips,BC11A19/AMB/2700 DIM 120V,A19,3000
ledLifeTesting,18,31,u,0,0,7,7,5,Philips,BC11A19/AMB/2700 DIM 120V,A19,3000
ledLifeTesting,19,1,d,0,0,6,2,6,Utilitech/Energetic,YGA01A08-12W-830,A19,3000
ledLifeTesting,19,2,d,0,0,6,2,7,Utilitech/Energetic,YGA01A08-12W-830,A19,3000
ledLifeTesting,19,3,d,0,0,6,2,8,Utilitech/Energetic,YGA01A08-12W-830,A19,3000
ledLifeTesting,19,4,d,0,0,6,2,9,Utilitech/Energetic,YGA01A08-12W-830,A19,3000
ledLifeTesting,19,5,d,0,0,6,2,10,Utilitech/Energetic,YGA01A08-12W-830,A19,3000
ledLifeTesting,19,6,h,0,0,6,7,6,Utilitech/Energetic,YGA01A08-12W-830,A19,3000
ledLifeTesting,19,7,h,0,0,6,7,7,Utilitech/Energetic,YGA01A08-12W-830,A19,3000
ledLifeTesting,19,8,h,0,0,6,7,8,Utilitech/Energetic,YGA01A08-12W-830,A19,3000
ledLifeTesting,19,9,h,0,0,6,7,9,Utilitech/Energetic,YGA01A08-12W-830,A19,3000
ledLifeTesting,19,10,h,0,0,6,7,10,Utilitech/Energetic,YGA01A08-12W-830,A19,3000
ledLifeTesting,19,11,u,1,0,1,8,9,Utilitech/Energetic,YGA01A08-12W-830,A19,3000
ledLifeTesting,19,12,u,1,0,6,8,2,Utilitech/Energetic,YGA01A08-12W-830,A19,3000
ledLifeTesting,19,13,u,1,0,6,8,3,Utilitech/Energetic,YGA01A08-12W-830,A19,3000
ledLifeTesting,19,14,u,1,0,6,8,4,Utilitech/Energetic,YGA01A08-12W-830,A19,3000
ledLifeTesting,19,15,u,1,0,6,8,5,Utilitech/Energetic,YGA01A08-12W-830,A19,3000
ledLifeTesting,19,16,u,0,0,7,8,6,Utilitech/Energetic,YGA01A08-12W-830,A19,3000
ledLifeTesting,19,17,u,0,0,7,8,7,Utilitech/Energetic,YGA01A08-12W-830,A19,3000
ledLifeTesting,19,18,u,0,0,7,8,8,Utilitech/Energetic,YGA01A08-12W-830,A19,3000
ledLifeTesting,19,19,u,0,0,7,8,9,Utilitech/Energetic,YGA01A08-12W-830,A19,3000
ledLifeTesting,19,20,u,0,0,7,8,10,Utilitech/Energetic,YGA01A08-12W-830,A19,3000
ledLifeTesting,19,21,d,0,1,2,2,9,Utilitech/Energetic,YGA01A08-12W-830,A19,3000
ledLifeTesting,19,22,d,0,1,2,2,10,Utilitech/Energetic,YGA01A08-12W-830,A19,3000
ledLifeTesting,19,23,u,0,1,2,4,8,Utilitech/Energetic,YGA01A08-12W-830,A19,3000
ledLifeTesting,19,24,u,0,1,2,4,9,Utilitech/Energetic,YGA01A08-12W-830,A19,3000
ledLifeTesting,19,25,d,0,0,1,4,9,Utilitech/Energetic,YGA01A08-12W-830,A19,3000
ledLifeTesting,19,26,h,0,1,2,6,9,Utilitech/Energetic,YGA01A08-12W-830,A19,3000
ledLifeTesting,19,27,h,0,1,2,6,10,Utilitech/Energetic,YGA01A08-12W-830,A19,3000
ledLifeTesting,19,28,u,1,1,2,8,8,Utilitech/Energetic,YGA01A08-12W-830,A19,3000
ledLifeTesting,19,29,u,1,1,2,8,9,Utilitech/Energetic,YGA01A08-12W-830,A19,3000
ledLifeTesting,19,30,u,1,1,2,8,10,Utilitech/Energetic,YGA01A08-12W-830,A19,3000
ledLifeTesting,19,31,u,0,1,2,4,10,Utilitech/Energetic,YGA01A08-12W-830,A19,3000
ledLifeTesting,20,1,u,0,1,2,4,5,LED Novation,LEDH-A19-60-1-27D-IOE,A19,3000
ledLifeTesting,20,2,u,0,1,2,4,6,LED Novation,LEDH-A19-60-1-27D-IOE,A19,3000
ledLifeTesting,20,3,u,0,1,2,4,7,LED Novation,LEDH-A19-60-1-27D-IOE,A19,3000
ledLifeTesting,20,4,d,0,1,2,2,7,LED Novation,LEDH-A19-60-1-27D-IOE,A19,3000
ledLifeTesting,20,5,d,0,1,2,2,8,LED Novation,LEDH-A19-60-1-27D-IOE,A19,3000
ledLifeTesting,20,6,h,0,1,2,6,7,LED Novation,LEDH-A19-60-1-27D-IOE,A19,3000
ledLifeTesting,20,7,h,0,1,2,6,8,LED Novation,LEDH-A19-60-1-27D-IOE,A19,3000
ledLifeTesting,20,8,u,1,1,2,8,5,LED Novation,LEDH-A19-60-1-27D-IOE,A19,3000
ledLifeTesting,20,9,u,1,1,2,8,6,LED Novation,LEDH-A19-60-1-27D-IOE,A19,3000
ledLifeTesting,20,10,u,1,1,2,8,7,LED Novation,LEDH-A19-60-1-27D-IOE,A19,3000
ledLifeTesting,20,11,d,0,0,6,2,1,LED Novation,LEDH-A19-60-1-27D-IOE,A19,3000
ledLifeTesting,20,12,d,0,0,6,2,2,LED Novation,LEDH-A19-60-1-27D-IOE,A19,3000
ledLifeTesting,20,13,d,0,0,6,2,3,LED Novation,LEDH-A19-60-1-27D-IOE,A19,3000
ledLifeTesting,20,14,d,0,0,6,2,4,LED Novation,LEDH-A19-60-1-27D-IOE,A19,3000
ledLifeTesting,20,15,d,0,0,6,2,5,LED Novation,LEDH-A19-60-1-27D-IOE,A19,3000
ledLifeTesting,20,16,h,0,0,6,7,1,LED Novation,LEDH-A19-60-1-27D-IOE,A19,3000
ledLifeTesting,20,17,h,0,0,6,7,2,LED Novation,LEDH-A19-60-1-27D-IOE,A19,3000
ledLifeTesting,20,18,h,0,0,6,7,3,LED Novation,LEDH-A19-60-1-27D-IOE,A19,3000
ledLifeTesting,20,19,h,0,0,6,7,4,LED Novation,LEDH-A19-60-1-27D-IOE,A19,3000
ledLifeTesting,20,20,h,0,0,6,7,5,LED Novation,LEDH-A19-60-1-27D-IOE,A19,3000
ledLifeTesting,20,21,u,1,0,1,8,10,LED Novation,LEDH-A19-60-1-27D-IOE,A19,3000
ledLifeTesting,20,22,u,1,0,6,8,7,LED Novation,LEDH-A19-60-1-27D-IOE,A19,3000
ledLifeTesting,20,23,u,1,0,6,8,8,LED Novation,LEDH-A19-60-1-27D-IOE,A19,3000
ledLifeTesting,20,24,u,1,0,6,8,9,LED Novation,LEDH-A19-60-1-27D-IOE,A19,3000
ledLifeTesting,20,25,u,1,0,6,8,10,LED Novation,LEDH-A19-60-1-27D-IOE,A19,3000
ledLifeTesting,20,26,u,0,0,7,8,1,LED Novation,LEDH-A19-60-1-27D-IOE,A19,3000
ledLifeTesting,20,27,u,0,0,7,8,2,LED Novation,LEDH-A19-60-1-27D-IOE,A19,3000
ledLifeTesting,20,28,u,0,0,7,8,3,LED Novation,LEDH-A19-60-1-27D-IOE,A19,3000
ledLifeTesting,20,29,u,0,0,7,8,4,LED Novation,LEDH-A19-60-1-27D-IOE,A19,3000
ledLifeTesting,20,30,u,0,0,7,8,5,LED Novation,LEDH-A19-60-1-27D-IOE,A19,3000
ledLifeTesting,20,31,d,0,0,1,4,10,LED Novation,LEDH-A19-60-1-27D-IOE,A19,3000